family_id,family_type,adults,teens,vehicles,max_vehicles,start_date,status
FAM000001,single_person,1,0,1,3,2018-06-30,active
FAM000002,single_person,1,0,1,3,2018-08-23,active
FAM000003,single_person,1,0,1,3,2018-11-13,cancelled
FAM000004,single_person,1,0,1,3,2018-09-01,active
FAM000005,single_person,1,0,1,3,2018-05-11,active
FAM000006,single_person,1,0,1,3,2018-10-22,active
FAM000007,single_person,1,0,1,3,2018-06-28,active
FAM000008,single_person,1,0,1,3,2018-01-19,active
FAM000009,single_person,1,0,1,3,2018-03-04,active
FAM000010,single_person,1,0,1,3,2018-12-21,active
FAM000011,single_person,1,0,1,3,2018-03-02,active
FAM000012,single_person,1,0,1,3,2018-09-29,cancelled
FAM000013,single_person,1,0,1,3,2018-10-27,active
FAM000014,single_person,1,0,1,3,2018-12-02,active
FAM000015,single_person,1,0,1,3,2018-02-09,cancelled
FAM000016,single_person,1,0,1,3,2018-01-19,cancelled
FAM000017,single_person,1,0,1,3,2018-10-25,cancelled
FAM000018,single_person,1,0,1,3,2018-12-27,cancelled
FAM000019,single_person,1,0,1,3,2018-10-05,active
FAM000020,single_person,1,0,1,3,2018-04-10,cancelled
FAM000021,single_person,1,0,1,3,2018-07-12,active
FAM000022,single_person,1,0,1,3,2018-07-28,active
FAM000023,single_person,1,0,1,3,2018-10-30,active
FAM000024,single_person,1,0,1,3,2018-10-15,active
FAM000025,single_person,1,0,1,3,2018-04-30,active
FAM000026,single_person,1,0,1,3,2018-05-19,active
FAM000027,single_person,1,0,1,3,2018-06-28,active
FAM000028,single_person,1,0,1,3,2018-03-15,cancelled
FAM000029,single_person,1,0,1,3,2018-03-05,active
FAM000030,single_person,1,0,1,3,2018-12-17,active
FAM000031,single_person,1,0,1,3,2018-09-10,active
FAM000032,single_person,1,0,1,3,2018-12-05,active
FAM000033,single_person,1,0,1,3,2018-10-11,active
FAM000034,single_person,1,0,1,3,2018-12-08,cancelled
FAM000035,single_person,1,0,1,3,2018-02-20,active
FAM000036,single_person,1,0,1,3,2018-05-30,active
FAM000037,single_person,1,0,1,3,2018-06-22,active
FAM000038,single_person,1,0,1,3,2018-02-04,active
FAM000039,single_person,1,0,1,3,2018-04-05,cancelled
FAM000040,single_person,1,0,1,3,2018-05-07,active
FAM000041,single_person,1,0,1,3,2018-01-21,active
FAM000042,single_person,1,0,1,3,2018-09-04,cancelled
FAM000043,single_person,1,0,1,3,2018-02-05,cancelled
FAM000044,single_person,1,0,1,3,2018-01-31,cancelled
FAM000045,single_person,1,0,1,3,2018-04-24,cancelled
FAM000046,single_person,1,0,1,3,2018-04-22,cancelled
FAM000047,single_person,1,0,1,3,2018-01-01,active
FAM000048,single_person,1,0,1,3,2018-05-09,active
FAM000049,single_person,1,0,1,3,2018-02-17,active
FAM000050,single_person,1,0,1,3,2018-01-14,active
FAM000051,single_person,1,0,1,3,2018-01-16,cancelled
FAM000052,single_person,1,0,1,3,2018-12-05,active
FAM000053,single_person,1,0,1,3,2018-07-23,active
FAM000054,single_person,1,0,1,3,2018-10-20,cancelled
FAM000055,single_person,1,0,1,3,2018-02-22,active
FAM000056,single_person,1,0,1,3,2018-02-12,active
FAM000057,single_person,1,0,1,3,2018-03-20,active
FAM000058,single_person,1,0,1,3,2018-03-12,active
FAM000059,single_person,1,0,1,3,2018-11-08,active
FAM000060,single_person,1,0,1,3,2018-07-12,cancelled
FAM000061,single_person,1,0,1,3,2018-02-20,cancelled
FAM000062,single_person,1,0,1,3,2018-06-22,cancelled
FAM000063,single_person,1,0,1,3,2018-01-27,cancelled
FAM000064,single_person,1,0,1,3,2018-04-04,active
FAM000065,single_person,1,0,1,3,2018-08-15,cancelled
FAM000066,single_person,1,0,1,3,2018-01-08,active
FAM000067,single_person,1,0,1,3,2018-09-27,active
FAM000068,single_person,1,0,1,3,2018-06-26,cancelled
FAM000069,single_person,1,0,1,3,2018-06-11,cancelled
FAM000070,single_person,1,0,1,3,2018-01-09,active
FAM000071,single_person,1,0,1,3,2018-08-11,active
FAM000072,single_person,1,0,1,3,2018-09-22,active
FAM000073,single_person,1,0,1,3,2018-02-10,active
FAM000074,single_person,1,0,1,3,2018-04-29,active
FAM000075,single_person,1,0,1,3,2018-05-07,active
FAM000076,single_person,1,0,1,3,2018-01-17,cancelled
FAM000077,single_person,1,0,1,3,2018-04-06,cancelled
FAM000078,single_person,1,0,1,3,2018-07-03,active
FAM000079,single_person,1,0,1,3,2018-07-10,active
FAM000080,single_person,1,0,1,3,2018-05-15,active
FAM000081,single_person,1,0,1,3,2018-09-27,active
FAM000082,single_person,1,0,1,3,2018-01-31,active
FAM000083,single_person,1,0,1,3,2018-09-28,active
FAM000084,single_person,1,0,1,3,2018-12-01,cancelled
FAM000085,single_person,1,0,1,3,2018-11-10,active
FAM000086,single_person,1,0,1,3,2018-07-19,active
FAM000087,single_person,1,0,1,3,2018-11-30,active
FAM000088,single_person,1,0,1,3,2018-12-28,active
FAM000089,single_person,1,0,1,3,2018-01-15,cancelled
FAM000090,single_person,1,0,1,3,2018-08-16,active
FAM000091,single_person,1,0,1,3,2018-11-13,active
FAM000092,single_person,1,0,1,3,2018-02-08,active
FAM000093,single_person,1,0,1,3,2018-04-11,active
FAM000094,single_person,1,0,1,3,2018-06-16,active
FAM000095,single_person,1,0,1,3,2018-10-21,cancelled
FAM000096,single_person,1,0,1,3,2018-06-18,cancelled
FAM000097,single_person,1,0,1,3,2018-07-13,active
FAM000098,single_person,1,0,1,3,2018-02-21,active
FAM000099,single_person,1,0,1,3,2018-04-15,cancelled
FAM000100,single_person,1,0,1,3,2018-09-26,active
FAM000101,single_person,1,0,1,3,2018-12-13,active
FAM000102,single_person,1,0,1,3,2018-08-27,cancelled
FAM000103,single_person,1,0,1,3,2018-07-26,active
FAM000104,single_person,1,0,1,3,2018-03-26,active
FAM000105,single_person,1,0,1,3,2018-11-07,cancelled
FAM000106,single_person,1,0,1,3,2018-01-07,active
FAM000107,single_person,1,0,1,3,2018-05-27,active
FAM000108,single_person,1,0,1,3,2018-01-03,active
FAM000109,single_person,1,0,1,3,2018-05-18,active
FAM000110,single_person,1,0,1,3,2018-10-02,cancelled
FAM000111,single_person,1,0,1,3,2018-07-18,active
FAM000112,single_person,1,0,1,3,2018-11-14,active
FAM000113,single_person,1,0,1,3,2018-05-21,cancelled
FAM000114,single_person,1,0,1,3,2018-12-11,active
FAM000115,single_person,1,0,1,3,2018-04-28,active
FAM000116,single_person,1,0,1,3,2018-01-20,cancelled
FAM000117,single_person,1,0,1,3,2018-03-14,active
FAM000118,single_person,1,0,1,3,2018-02-08,active
FAM000119,single_person,1,0,1,3,2018-02-21,active
FAM000120,single_person,1,0,1,3,2018-02-20,active
FAM000121,single_person,1,0,1,3,2018-03-29,active
FAM000122,single_person,1,0,1,3,2018-10-22,active
FAM000123,single_person,1,0,1,3,2018-06-24,active
FAM000124,single_person,1,0,1,3,2018-12-02,active
FAM000125,single_person,1,0,1,3,2018-05-29,cancelled
FAM000126,single_person,1,0,1,3,2018-09-05,cancelled
FAM000127,single_person,1,0,1,3,2018-10-15,active
FAM000128,single_person,1,0,1,3,2018-08-15,active
FAM000129,single_person,1,0,1,3,2018-07-13,active
FAM000130,single_person,1,0,1,3,2018-08-27,active
FAM000131,single_person,1,0,1,3,2018-11-09,active
FAM000132,single_person,1,0,1,3,2018-03-26,active
FAM000133,single_person,1,0,1,3,2018-02-08,active
FAM000134,single_person,1,0,1,3,2018-05-18,active
FAM000135,single_person,1,0,1,3,2018-06-06,active
FAM000136,single_person,1,0,1,3,2018-03-09,active
FAM000137,single_person,1,0,1,3,2018-03-31,active
FAM000138,single_person,1,0,1,3,2018-09-14,active
FAM000139,single_person,1,0,1,3,2018-04-24,active
FAM000140,single_person,1,0,1,3,2018-08-12,active
FAM000141,single_person,1,0,1,3,2018-12-24,active
FAM000142,single_person,1,0,1,3,2018-10-08,active
FAM000143,single_person,1,0,1,3,2018-08-21,cancelled
FAM000144,single_person,1,0,1,3,2018-02-27,active
FAM000145,single_person,1,0,1,3,2018-07-24,active
FAM000146,single_person,1,0,1,3,2018-11-07,active
FAM000147,single_person,1,0,1,3,2018-03-04,active
FAM000148,single_person,1,0,1,3,2018-08-04,active
FAM000149,single_person,1,0,1,3,2018-05-03,cancelled
FAM000150,single_person,1,0,1,3,2018-03-11,active
FAM000151,single_person,1,0,1,3,2018-12-17,active
FAM000152,single_person,1,0,1,3,2018-08-18,active
FAM000153,single_person,1,0,1,3,2018-06-13,cancelled
FAM000154,single_person,1,0,1,3,2018-01-01,cancelled
FAM000155,single_person,1,0,1,3,2018-10-15,active
FAM000156,single_person,1,0,1,3,2018-02-22,active
FAM000157,single_person,1,0,1,3,2018-10-28,cancelled
FAM000158,single_person,1,0,1,3,2018-11-16,active
FAM000159,single_person,1,0,1,3,2018-10-18,active
FAM000160,single_person,1,0,1,3,2018-03-24,cancelled
FAM000161,single_person,1,0,1,3,2018-08-10,active
FAM000162,single_person,1,0,1,3,2018-10-13,active
FAM000163,single_person,1,0,1,3,2018-06-05,cancelled
FAM000164,single_person,1,0,1,3,2018-05-01,active
FAM000165,single_person,1,0,1,3,2018-05-23,active
FAM000166,single_person,1,0,1,3,2018-11-28,active
FAM000167,single_person,1,0,1,3,2018-09-09,cancelled
FAM000168,single_person,1,0,1,3,2018-06-27,active
FAM000169,single_person,1,0,1,3,2018-10-19,cancelled
FAM000170,single_person,1,0,1,3,2018-10-06,active
FAM000171,single_person,1,0,1,3,2018-06-30,active
FAM000172,single_person,1,0,1,3,2018-08-01,active
FAM000173,single_person,1,0,1,3,2018-02-24,cancelled
FAM000174,single_person,1,0,1,3,2018-02-15,cancelled
FAM000175,single_person,1,0,1,3,2018-02-13,cancelled
FAM000176,single_person,1,0,1,3,2018-08-19,active
FAM000177,single_person,1,0,1,3,2018-09-09,cancelled
FAM000178,single_person,1,0,1,3,2018-02-09,active
FAM000179,single_person,1,0,1,3,2018-09-14,active
FAM000180,single_person,1,0,1,3,2018-10-22,active
FAM000181,single_person,1,0,1,3,2018-10-18,cancelled
FAM000182,single_person,1,0,1,3,2018-05-01,active
FAM000183,single_person,1,0,1,3,2018-12-30,active
FAM000184,single_person,1,0,1,3,2018-08-20,active
FAM000185,single_person,1,0,1,3,2018-02-13,cancelled
FAM000186,single_person,1,0,1,3,2018-10-17,cancelled
FAM000187,single_person,1,0,1,3,2018-04-22,active
FAM000188,single_person,1,0,1,3,2018-07-15,cancelled
FAM000189,single_person,1,0,1,3,2018-09-07,active
FAM000190,single_person,1,0,1,3,2018-11-15,active
FAM000191,single_person,1,0,1,3,2018-03-01,cancelled
FAM000192,single_person,1,0,1,3,2018-09-16,cancelled
FAM000193,single_person,1,0,1,3,2018-12-30,cancelled
FAM000194,single_person,1,0,1,3,2018-09-10,active
FAM000195,single_person,1,0,1,3,2018-08-15,active
FAM000196,single_person,1,0,1,3,2018-08-24,active
FAM000197,single_person,1,0,1,3,2018-01-17,active
FAM000198,single_person,1,0,1,3,2018-12-16,active
FAM000199,single_person,1,0,1,3,2018-04-24,cancelled
FAM000200,single_person,1,0,1,3,2018-07-24,active
FAM000201,single_person,1,0,1,3,2018-03-16,active
FAM000202,single_person,1,0,1,3,2018-08-25,active
FAM000203,single_person,1,0,1,3,2018-09-14,active
FAM000204,single_person,1,0,1,3,2018-05-19,active
FAM000205,single_person,1,0,1,3,2018-10-13,active
FAM000206,single_person,1,0,1,3,2018-09-15,cancelled
FAM000207,single_person,1,0,1,3,2018-08-18,active
FAM000208,single_person,1,0,1,3,2018-03-26,active
FAM000209,single_person,1,0,1,3,2018-06-07,active
FAM000210,single_person,1,0,1,3,2018-08-26,cancelled
FAM000211,single_person,1,0,1,3,2018-11-06,cancelled
FAM000212,single_person,1,0,1,3,2018-05-15,active
FAM000213,single_person,1,0,1,3,2018-07-24,cancelled
FAM000214,single_person,1,0,1,3,2018-12-20,active
FAM000215,single_person,1,0,1,3,2018-07-18,active
FAM000216,single_person,1,0,1,3,2018-09-02,cancelled
FAM000217,single_person,1,0,1,3,2018-05-15,active
FAM000218,single_person,1,0,1,3,2018-11-28,active
FAM000219,single_person,1,0,1,3,2018-09-27,active
FAM000220,single_person,1,0,1,3,2018-06-01,cancelled
FAM000221,single_person,1,0,1,3,2018-05-05,active
FAM000222,single_person,1,0,1,3,2018-01-14,active
FAM000223,single_person,1,0,1,3,2018-02-04,active
FAM000224,single_person,1,0,1,3,2018-05-14,active
FAM000225,single_person,1,0,1,3,2018-10-20,cancelled
FAM000226,single_person,1,0,1,3,2018-06-12,active
FAM000227,single_person,1,0,1,3,2018-09-06,cancelled
FAM000228,single_person,1,0,1,3,2018-02-14,cancelled
FAM000229,single_person,1,0,1,3,2018-11-24,active
FAM000230,single_person,1,0,1,3,2018-01-04,active
FAM000231,single_person,1,0,1,3,2018-04-27,active
FAM000232,single_person,1,0,1,3,2018-10-24,cancelled
FAM000233,single_person,1,0,1,3,2018-02-09,active
FAM000234,single_person,1,0,1,3,2018-10-28,active
FAM000235,single_person,1,0,1,3,2018-06-09,active
FAM000236,single_person,1,0,1,3,2018-03-12,active
FAM000237,single_person,1,0,1,3,2018-08-08,active
FAM000238,single_person,1,0,1,3,2018-05-12,cancelled
FAM000239,single_person,1,0,1,3,2018-05-06,active
FAM000240,single_person,1,0,1,3,2018-08-17,active
FAM000241,single_person,1,0,1,3,2018-11-21,active
FAM000242,single_person,1,0,1,3,2018-08-20,cancelled
FAM000243,single_person,1,0,1,3,2018-03-24,cancelled
FAM000244,single_person,1,0,1,3,2018-09-07,active
FAM000245,single_person,1,0,1,3,2018-03-18,active
FAM000246,single_person,1,0,1,3,2018-11-07,cancelled
FAM000247,single_person,1,0,1,3,2018-10-02,cancelled
FAM000248,single_person,1,0,1,3,2018-07-15,cancelled
FAM000249,single_person,1,0,1,3,2018-12-14,active
FAM000250,single_person,1,0,1,3,2018-01-12,active
FAM000251,single_person,1,0,1,3,2018-11-04,cancelled
FAM000252,single_person,1,0,1,3,2018-05-21,active
FAM000253,single_person,1,0,1,3,2018-07-08,active
FAM000254,single_person,1,0,1,3,2018-01-02,active
FAM000255,single_person,1,0,1,3,2018-11-10,active
FAM000256,single_person,1,0,1,3,2018-05-20,active
FAM000257,single_person,1,0,1,3,2018-06-18,cancelled
FAM000258,single_person,1,0,1,3,2018-12-05,active
FAM000259,single_person,1,0,1,3,2018-05-09,active
FAM000260,single_person,1,0,1,3,2018-06-19,active
FAM000261,single_person,1,0,1,3,2018-10-04,cancelled
FAM000262,single_person,1,0,1,3,2018-08-02,active
FAM000263,single_person,1,0,1,3,2018-07-19,cancelled
FAM000264,single_person,1,0,1,3,2018-03-19,active
FAM000265,single_person,1,0,1,3,2018-07-25,active
FAM000266,single_person,1,0,1,3,2018-06-23,active
FAM000267,single_person,1,0,1,3,2018-11-11,active
FAM000268,single_person,1,0,1,3,2018-04-01,active
FAM000269,single_person,1,0,1,3,2018-07-20,cancelled
FAM000270,single_person,1,0,1,3,2018-12-29,active
FAM000271,single_person,1,0,1,3,2018-06-29,active
FAM000272,single_person,1,0,1,3,2018-07-05,cancelled
FAM000273,single_person,1,0,1,3,2018-12-13,cancelled
FAM000274,single_person,1,0,1,3,2018-05-26,active
FAM000275,single_person,1,0,1,3,2018-10-08,active
FAM000276,single_person,1,0,1,3,2018-12-26,active
FAM000277,single_person,1,0,1,3,2018-10-18,active
FAM000278,single_person,1,0,1,3,2018-10-30,cancelled
FAM000279,single_person,1,0,1,3,2018-04-06,cancelled
FAM000280,single_person,1,0,1,3,2018-11-23,cancelled
FAM000281,single_person,1,0,1,3,2018-02-20,active
FAM000282,single_person,1,0,1,3,2018-06-09,cancelled
FAM000283,single_person,1,0,1,3,2018-04-29,active
FAM000284,single_person,1,0,1,3,2018-04-02,active
FAM000285,single_person,1,0,1,3,2018-03-08,active
FAM000286,single_person,1,0,1,3,2018-03-05,cancelled
FAM000287,single_person,1,0,1,3,2018-04-09,cancelled
FAM000288,single_person,1,0,1,3,2018-11-26,cancelled
FAM000289,single_person,1,0,1,3,2018-02-19,active
FAM000290,single_person,1,0,1,3,2018-03-08,active
FAM000291,single_person,1,0,1,3,2018-10-19,active
FAM000292,single_person,1,0,1,3,2018-06-02,active
FAM000293,single_person,1,0,1,3,2018-03-09,active
FAM000294,single_person,1,0,1,3,2018-10-05,active
FAM000295,single_person,1,0,1,3,2018-08-01,cancelled
FAM000296,single_person,1,0,1,3,2018-05-19,cancelled
FAM000297,single_person,1,0,1,3,2018-12-14,active
FAM000298,single_person,1,0,1,3,2018-01-17,active
FAM000299,single_person,1,0,1,3,2018-07-26,active
FAM000300,single_person,1,0,1,3,2018-08-13,active
FAM000301,single_person,1,0,1,3,2018-08-06,active
FAM000302,single_person,1,0,1,3,2018-11-05,active
FAM000303,single_person,1,0,1,3,2018-03-13,active
FAM000304,single_person,1,0,1,3,2018-07-14,active
FAM000305,single_person,1,0,1,3,2018-07-11,active
FAM000306,single_person,1,0,1,3,2018-01-19,active
FAM000307,single_person,1,0,1,3,2018-07-28,active
FAM000308,single_person,1,0,1,3,2018-04-09,cancelled
FAM000309,single_person,1,0,1,3,2018-01-15,cancelled
FAM000310,single_person,1,0,1,3,2018-05-22,active
FAM000311,single_person,1,0,1,3,2018-07-15,active
FAM000312,single_person,1,0,1,3,2018-09-16,active
FAM000313,single_person,1,0,1,3,2018-07-18,cancelled
FAM000314,single_person,1,0,1,3,2018-05-08,active
FAM000315,single_person,1,0,1,3,2018-07-12,active
FAM000316,single_person,1,0,1,3,2018-11-19,active
FAM000317,single_person,1,0,1,3,2018-01-16,cancelled
FAM000318,single_person,1,0,1,3,2018-04-26,active
FAM000319,single_person,1,0,1,3,2018-12-07,active
FAM000320,single_person,1,0,1,3,2018-11-07,active
FAM000321,single_person,1,0,1,3,2018-04-05,active
FAM000322,single_person,1,0,1,3,2018-12-17,active
FAM000323,single_person,1,0,1,3,2018-05-05,active
FAM000324,single_person,1,0,1,3,2018-12-25,cancelled
FAM000325,single_person,1,0,1,3,2018-03-27,active
FAM000326,single_person,1,0,1,3,2018-01-23,cancelled
FAM000327,single_person,1,0,1,3,2018-05-07,cancelled
FAM000328,single_person,1,0,1,3,2018-12-08,cancelled
FAM000329,single_person,1,0,1,3,2018-02-01,active
FAM000330,single_person,1,0,1,3,2018-04-20,cancelled
FAM000331,single_person,1,0,1,3,2018-09-29,active
FAM000332,single_person,1,0,1,3,2018-04-27,cancelled
FAM000333,single_person,1,0,1,3,2018-05-09,active
FAM000334,single_person,1,0,1,3,2018-02-18,active
FAM000335,single_person,1,0,1,3,2018-12-26,active
FAM000336,single_person,1,0,1,3,2018-03-26,cancelled
FAM000337,single_person,1,0,1,3,2018-01-10,active
FAM000338,single_person,1,0,1,3,2018-12-12,active
FAM000339,single_person,1,0,1,3,2018-03-09,active
FAM000340,single_person,1,0,1,3,2018-11-29,active
FAM000341,single_person,1,0,1,3,2018-04-22,cancelled
FAM000342,single_person,1,0,1,3,2018-05-19,cancelled
FAM000343,single_person,1,0,1,3,2018-10-01,active
FAM000344,single_person,1,0,1,3,2018-07-15,cancelled
FAM000345,single_person,1,0,1,3,2018-03-18,active
FAM000346,single_person,1,0,1,3,2018-11-30,active
FAM000347,single_person,1,0,1,3,2018-09-12,active
FAM000348,single_person,1,0,1,3,2018-02-15,active
FAM000349,single_person,1,0,1,3,2018-05-28,active
FAM000350,single_person,1,0,1,3,2018-01-28,active
FAM000351,single_person,1,0,1,3,2018-05-29,active
FAM000352,single_person,1,0,1,3,2018-04-08,cancelled
FAM000353,single_person,1,0,1,3,2018-08-06,active
FAM000354,single_person,1,0,1,3,2018-09-01,cancelled
FAM000355,single_person,1,0,1,3,2018-01-30,active
FAM000356,single_person,1,0,1,3,2018-04-27,cancelled
FAM000357,single_person,1,0,1,3,2018-06-12,active
FAM000358,single_person,1,0,1,3,2018-09-08,active
FAM000359,single_person,1,0,1,3,2018-10-18,active
FAM000360,single_person,1,0,1,3,2018-10-17,cancelled
FAM000361,single_person,1,0,1,3,2018-07-09,cancelled
FAM000362,single_person,1,0,1,3,2018-12-30,active
FAM000363,single_person,1,0,1,3,2018-02-07,active
FAM000364,single_person,1,0,1,3,2018-12-08,active
FAM000365,single_person,1,0,1,3,2018-11-07,active
FAM000366,single_person,1,0,1,3,2018-07-17,cancelled
FAM000367,single_person,1,0,1,3,2018-02-25,active
FAM000368,single_person,1,0,1,3,2018-01-16,active
FAM000369,single_person,1,0,1,3,2018-04-06,active
FAM000370,single_person,1,0,1,3,2018-05-16,active
FAM000371,single_person,1,0,1,3,2018-01-25,active
FAM000372,single_person,1,0,1,3,2018-08-09,active
FAM000373,single_person,1,0,1,3,2018-06-18,active
FAM000374,single_person,1,0,1,3,2018-01-22,active
FAM000375,single_person,1,0,1,3,2018-09-10,active
FAM000376,single_person,1,0,1,3,2018-11-23,active
FAM000377,single_person,1,0,1,3,2018-06-23,active
FAM000378,single_person,1,0,1,3,2018-10-14,active
FAM000379,single_person,1,0,1,3,2018-12-14,active
FAM000380,single_person,1,0,1,3,2018-12-20,cancelled
FAM000381,single_person,1,0,1,3,2018-03-20,cancelled
FAM000382,single_person,1,0,1,3,2018-07-23,active
FAM000383,single_person,1,0,1,3,2018-08-13,active
FAM000384,single_person,1,0,1,3,2018-12-07,active
FAM000385,single_person,1,0,1,3,2018-07-14,active
FAM000386,single_person,1,0,1,3,2018-02-25,active
FAM000387,single_person,1,0,1,3,2018-01-10,cancelled
FAM000388,single_person,1,0,1,3,2018-02-07,cancelled
FAM000389,single_person,1,0,1,3,2018-02-01,cancelled
FAM000390,single_person,1,0,1,3,2018-09-17,active
FAM000391,single_person,1,0,1,3,2018-11-07,active
FAM000392,single_person,1,0,1,3,2018-06-30,cancelled
FAM000393,single_person,1,0,1,3,2018-04-19,active
FAM000394,single_person,1,0,1,3,2018-12-08,cancelled
FAM000395,single_person,1,0,1,3,2018-05-02,active
FAM000396,single_person,1,0,1,3,2018-02-19,active
FAM000397,single_person,1,0,1,3,2018-08-27,cancelled
FAM000398,single_person,1,0,1,3,2018-05-21,cancelled
FAM000399,single_person,1,0,1,3,2018-08-17,active
FAM000400,single_person,1,0,1,3,2018-02-17,cancelled
FAM000401,single_person,1,0,1,3,2018-06-05,cancelled
FAM000402,single_person,1,0,1,3,2018-03-12,active
FAM000403,single_person,1,0,1,3,2018-12-16,cancelled
FAM000404,single_person,1,0,1,3,2018-06-18,cancelled
FAM000405,single_person,1,0,1,3,2018-09-03,active
FAM000406,single_person,1,0,1,3,2018-12-11,active
FAM000407,single_person,1,0,1,3,2018-10-26,active
FAM000408,single_person,1,0,1,3,2018-12-06,active
FAM000409,single_person,1,0,1,3,2018-06-19,cancelled
FAM000410,single_person,1,0,1,3,2018-06-04,cancelled
FAM000411,single_person,1,0,1,3,2018-12-06,active
FAM000412,single_person,1,0,1,3,2018-03-04,cancelled
FAM000413,single_person,1,0,1,3,2018-01-08,cancelled
FAM000414,single_person,1,0,1,3,2018-12-23,cancelled
FAM000415,single_person,1,0,1,3,2018-03-29,cancelled
FAM000416,single_person,1,0,1,3,2018-12-22,cancelled
FAM000417,single_person,1,0,1,3,2018-12-11,cancelled
FAM000418,single_person,1,0,1,3,2018-05-06,active
FAM000419,single_person,1,0,1,3,2018-10-31,cancelled
FAM000420,single_person,1,0,1,3,2018-09-18,active
FAM000421,single_person,1,0,1,3,2018-04-03,active
FAM000422,single_person,1,0,1,3,2018-07-09,active
FAM000423,single_person,1,0,1,3,2018-02-15,cancelled
FAM000424,single_person,1,0,1,3,2018-04-01,active
FAM000425,single_person,1,0,1,3,2018-08-18,active
FAM000426,single_person,1,0,1,3,2018-02-08,active
FAM000427,single_person,1,0,1,3,2018-09-17,active
FAM000428,single_person,1,0,1,3,2018-03-24,cancelled
FAM000429,single_person,1,0,1,3,2018-05-02,active
FAM000430,single_person,1,0,1,3,2018-05-31,active
FAM000431,single_person,1,0,1,3,2018-12-23,active
FAM000432,single_person,1,0,1,3,2018-07-29,active
FAM000433,single_person,1,0,1,3,2018-01-28,active
FAM000434,single_person,1,0,1,3,2018-02-21,cancelled
FAM000435,single_person,1,0,1,3,2018-01-09,active
FAM000436,single_person,1,0,1,3,2018-03-21,active
FAM000437,single_person,1,0,1,3,2018-11-23,active
FAM000438,single_person,1,0,1,3,2018-07-18,active
FAM000439,single_person,1,0,1,3,2018-12-28,active
FAM000440,single_person,1,0,1,3,2018-07-02,active
FAM000441,single_person,1,0,1,3,2018-02-22,cancelled
FAM000442,single_person,1,0,1,3,2018-05-03,active
FAM000443,single_person,1,0,1,3,2018-05-30,active
FAM000444,single_person,1,0,1,3,2018-06-25,active
FAM000445,single_person,1,0,1,3,2018-05-17,cancelled
FAM000446,single_person,1,0,1,3,2018-08-01,active
FAM000447,single_person,1,0,1,3,2018-05-02,active
FAM000448,single_person,1,0,1,3,2018-03-11,active
FAM000449,single_person,1,0,1,3,2018-07-02,cancelled
FAM000450,single_person,1,0,1,3,2018-03-25,cancelled
FAM000451,single_person,1,0,1,3,2018-11-16,active
FAM000452,single_person,1,0,1,3,2018-06-12,cancelled
FAM000453,single_person,1,0,1,3,2018-06-17,active
FAM000454,single_person,1,0,1,3,2018-12-11,active
FAM000455,single_person,1,0,1,3,2018-09-09,cancelled
FAM000456,single_person,1,0,1,3,2018-10-05,active
FAM000457,single_person,1,0,1,3,2018-10-15,cancelled
FAM000458,single_person,1,0,1,3,2018-10-05,active
FAM000459,single_person,1,0,1,3,2018-04-12,active
FAM000460,single_person,1,0,1,3,2018-12-04,active
FAM000461,single_person,1,0,1,3,2018-04-14,active
FAM000462,single_person,1,0,1,3,2018-04-09,active
FAM000463,single_person,1,0,1,3,2018-06-09,active
FAM000464,single_person,1,0,1,3,2018-10-27,cancelled
FAM000465,single_person,1,0,1,3,2018-01-12,active
FAM000466,single_person,1,0,1,3,2018-06-03,cancelled
FAM000467,single_person,1,0,1,3,2018-10-03,active
FAM000468,single_person,1,0,1,3,2018-07-17,active
FAM000469,single_person,1,0,1,3,2018-03-14,active
FAM000470,single_person,1,0,1,3,2018-10-15,cancelled
FAM000471,single_person,1,0,1,3,2018-03-06,active
FAM000472,single_person,1,0,1,3,2018-02-02,active
FAM000473,single_person,1,0,1,3,2018-02-23,active
FAM000474,single_person,1,0,1,3,2018-02-20,active
FAM000475,single_person,1,0,1,3,2018-11-15,active
FAM000476,single_person,1,0,1,3,2018-06-09,active
FAM000477,single_person,1,0,1,3,2018-05-06,cancelled
FAM000478,single_person,1,0,1,3,2018-08-04,cancelled
FAM000479,single_person,1,0,1,3,2018-06-08,active
FAM000480,single_person,1,0,1,3,2018-01-30,cancelled
FAM000481,single_person,1,0,1,3,2018-02-15,active
FAM000482,single_person,1,0,1,3,2018-07-15,active
FAM000483,single_person,1,0,1,3,2018-01-29,cancelled
FAM000484,single_person,1,0,1,3,2018-04-04,active
FAM000485,single_person,1,0,1,3,2018-01-14,cancelled
FAM000486,single_person,1,0,1,3,2018-03-25,cancelled
FAM000487,single_person,1,0,1,3,2018-02-03,cancelled
FAM000488,single_person,1,0,1,3,2018-04-26,active
FAM000489,single_person,1,0,1,3,2018-03-07,active
FAM000490,single_person,1,0,1,3,2018-12-18,active
FAM000491,single_person,1,0,1,3,2018-05-10,active
FAM000492,single_person,1,0,1,3,2018-09-27,cancelled
FAM000493,single_person,1,0,1,3,2018-11-22,active
FAM000494,single_person,1,0,1,3,2018-08-10,active
FAM000495,single_person,1,0,1,3,2018-02-18,active
FAM000496,single_person,1,0,1,3,2018-08-03,active
FAM000497,single_person,1,0,1,3,2018-02-27,active
FAM000498,single_person,1,0,1,3,2018-08-24,cancelled
FAM000499,single_person,1,0,1,3,2018-04-16,active
FAM000500,single_person,1,0,1,3,2018-04-25,cancelled
FAM000501,single_person,1,0,1,3,2018-02-28,active
FAM000502,single_person,1,0,1,3,2018-04-23,cancelled
FAM000503,single_person,1,0,1,3,2018-12-02,active
FAM000504,single_person,1,0,1,3,2018-12-02,cancelled
FAM000505,single_person,1,0,1,3,2018-09-16,active
FAM000506,single_person,1,0,1,3,2018-06-04,active
FAM000507,single_person,1,0,1,3,2018-05-17,cancelled
FAM000508,single_person,1,0,1,3,2018-04-12,active
FAM000509,single_person,1,0,1,3,2018-06-10,cancelled
FAM000510,single_person,1,0,1,3,2018-08-17,active
FAM000511,single_person,1,0,1,3,2018-02-13,active
FAM000512,single_person,1,0,1,3,2018-02-14,active
FAM000513,single_person,1,0,1,3,2018-08-16,cancelled
FAM000514,single_person,1,0,1,3,2018-04-06,cancelled
FAM000515,single_person,1,0,1,3,2018-09-06,active
FAM000516,single_person,1,0,1,3,2018-03-12,active
FAM000517,single_person,1,0,1,3,2018-07-24,cancelled
FAM000518,single_person,1,0,1,3,2018-10-13,active
FAM000519,single_person,1,0,1,3,2018-02-06,cancelled
FAM000520,single_person,1,0,1,3,2018-08-03,active
FAM000521,single_person,1,0,1,3,2018-11-30,active
FAM000522,single_person,1,0,1,3,2018-10-29,active
FAM000523,single_person,1,0,1,3,2018-10-23,active
FAM000524,single_person,1,0,1,3,2018-12-07,cancelled
FAM000525,single_person,1,0,1,3,2018-04-20,active
FAM000526,single_person,1,0,1,3,2018-11-19,cancelled
FAM000527,single_person,1,0,1,3,2018-01-18,cancelled
FAM000528,single_person,1,0,1,3,2018-10-19,cancelled
FAM000529,single_person,1,0,1,3,2018-11-08,active
FAM000530,single_person,1,0,1,3,2018-01-17,active
FAM000531,single_person,1,0,1,3,2018-09-04,active
FAM000532,single_person,1,0,1,3,2018-12-14,active
FAM000533,single_person,1,0,1,3,2018-12-23,cancelled
FAM000534,single_person,1,0,1,3,2018-03-09,cancelled
FAM000535,single_person,1,0,1,3,2018-08-12,active
FAM000536,single_person,1,0,1,3,2018-11-12,active
FAM000537,single_person,1,0,1,3,2018-01-13,active
FAM000538,single_person,1,0,1,3,2018-03-15,cancelled
FAM000539,single_person,1,0,1,3,2018-03-05,cancelled
FAM000540,single_person,1,0,1,3,2018-07-22,active
FAM000541,single_person,1,0,1,3,2018-08-19,active
FAM000542,single_person,1,0,1,3,2018-11-28,cancelled
FAM000543,single_person,1,0,1,3,2018-10-12,active
FAM000544,single_person,1,0,1,3,2018-02-18,active
FAM000545,single_person,1,0,1,3,2018-05-17,cancelled
FAM000546,single_person,1,0,1,3,2018-03-05,active
FAM000547,single_person,1,0,1,3,2018-04-10,cancelled
FAM000548,single_person,1,0,1,3,2018-11-20,cancelled
FAM000549,single_person,1,0,1,3,2018-10-10,active
FAM000550,single_person,1,0,1,3,2018-05-02,active
FAM000551,single_person,1,0,1,3,2018-08-20,active
FAM000552,single_person,1,0,1,3,2018-11-24,active
FAM000553,single_person,1,0,1,3,2018-12-22,active
FAM000554,single_person,1,0,1,3,2018-11-04,active
FAM000555,single_person,1,0,1,3,2018-05-14,cancelled
FAM000556,single_person,1,0,1,3,2018-12-27,cancelled
FAM000557,single_person,1,0,1,3,2018-03-22,cancelled
FAM000558,single_person,1,0,1,3,2018-05-29,cancelled
FAM000559,single_person,1,0,1,3,2018-05-20,active
FAM000560,single_person,1,0,1,3,2018-10-27,active
FAM000561,single_person,1,0,1,3,2018-04-13,cancelled
FAM000562,single_person,1,0,1,3,2018-03-28,active
FAM000563,single_person,1,0,1,3,2018-11-30,active
FAM000564,single_person,1,0,1,3,2018-12-20,cancelled
FAM000565,single_person,1,0,1,3,2018-12-22,cancelled
FAM000566,single_person,1,0,1,3,2018-09-16,active
FAM000567,single_person,1,0,1,3,2018-08-27,active
FAM000568,single_person,1,0,1,3,2018-05-09,cancelled
FAM000569,single_person,1,0,1,3,2018-01-08,active
FAM000570,single_person,1,0,1,3,2018-06-22,active
FAM000571,single_person,1,0,1,3,2018-12-03,cancelled
FAM000572,single_person,1,0,1,3,2018-09-15,cancelled
FAM000573,single_person,1,0,1,3,2018-03-01,active
FAM000574,single_person,1,0,1,3,2018-11-09,cancelled
FAM000575,single_person,1,0,1,3,2018-08-27,active
FAM000576,single_person,1,0,1,3,2018-07-24,active
FAM000577,single_person,1,0,1,3,2018-12-21,active
FAM000578,single_person,1,0,1,3,2018-01-07,active
FAM000579,single_person,1,0,1,3,2018-12-26,active
FAM000580,single_person,1,0,1,3,2018-09-25,active
FAM000581,single_person,1,0,1,3,2018-10-28,active
FAM000582,single_person,1,0,1,3,2018-05-09,active
FAM000583,single_person,1,0,1,3,2018-08-18,cancelled
FAM000584,single_person,1,0,1,3,2018-03-26,cancelled
FAM000585,single_person,1,0,1,3,2018-03-20,active
FAM000586,single_person,1,0,1,3,2018-11-05,active
FAM000587,single_person,1,0,1,3,2018-02-12,cancelled
FAM000588,single_person,1,0,1,3,2018-01-21,active
FAM000589,single_person,1,0,1,3,2018-10-28,active
FAM000590,single_person,1,0,1,3,2018-09-30,cancelled
FAM000591,single_person,1,0,1,3,2018-12-30,cancelled
FAM000592,single_person,1,0,1,3,2018-10-11,active
FAM000593,single_person,1,0,1,3,2018-02-17,active
FAM000594,single_person,1,0,1,3,2018-08-07,active
FAM000595,single_person,1,0,1,3,2018-06-30,active
FAM000596,single_person,1,0,1,3,2018-07-09,cancelled
FAM000597,single_person,1,0,1,3,2018-12-18,active
FAM000598,single_person,1,0,1,3,2018-08-23,active
FAM000599,single_person,1,0,1,3,2018-01-29,active
FAM000600,single_person,1,0,1,3,2018-07-23,active
FAM000601,single_person,1,0,1,3,2018-04-23,active
FAM000602,single_person,1,0,1,3,2018-05-27,cancelled
FAM000603,single_person,1,0,1,3,2018-05-06,cancelled
FAM000604,single_person,1,0,1,3,2018-02-26,active
FAM000605,single_person,1,0,1,3,2018-05-12,active
FAM000606,single_person,1,0,1,3,2018-03-03,active
FAM000607,single_person,1,0,1,3,2018-07-02,active
FAM000608,single_person,1,0,1,3,2018-05-01,cancelled
FAM000609,single_person,1,0,1,3,2018-10-19,cancelled
FAM000610,single_person,1,0,1,3,2018-10-14,active
FAM000611,single_person,1,0,1,3,2018-02-09,cancelled
FAM000612,single_person,1,0,1,3,2018-06-20,active
FAM000613,single_person,1,0,1,3,2018-08-11,active
FAM000614,single_person,1,0,1,3,2018-04-13,cancelled
FAM000615,single_person,1,0,1,3,2018-02-14,cancelled
FAM000616,single_person,1,0,1,3,2018-05-14,active
FAM000617,single_person,1,0,1,3,2018-01-04,active
FAM000618,single_person,1,0,1,3,2018-01-18,active
FAM000619,single_person,1,0,1,3,2018-01-28,cancelled
FAM000620,single_person,1,0,1,3,2018-03-06,active
FAM000621,single_person,1,0,1,3,2018-04-20,cancelled
FAM000622,single_person,1,0,1,3,2018-09-28,active
FAM000623,single_person,1,0,1,3,2018-01-06,cancelled
FAM000624,single_person,1,0,1,3,2018-09-06,active
FAM000625,single_person,1,0,1,3,2018-06-27,active
FAM000626,single_person,1,0,1,3,2018-07-19,cancelled
FAM000627,single_person,1,0,1,3,2018-10-08,active
FAM000628,single_person,1,0,1,3,2018-05-17,active
FAM000629,single_person,1,0,1,3,2018-03-29,active
FAM000630,single_person,1,0,1,3,2018-01-01,active
FAM000631,single_person,1,0,1,3,2018-05-14,active
FAM000632,single_person,1,0,1,3,2018-07-15,cancelled
FAM000633,single_person,1,0,1,3,2018-06-25,cancelled
FAM000634,single_person,1,0,1,3,2018-12-14,active
FAM000635,single_person,1,0,1,3,2018-08-05,active
FAM000636,single_person,1,0,1,3,2018-09-28,cancelled
FAM000637,single_person,1,0,1,3,2018-04-29,cancelled
FAM000638,single_person,1,0,1,3,2018-11-03,active
FAM000639,single_person,1,0,1,3,2018-01-10,active
FAM000640,single_person,1,0,1,3,2018-05-17,active
FAM000641,single_person,1,0,1,3,2018-11-27,active
FAM000642,single_person,1,0,1,3,2018-12-10,active
FAM000643,single_person,1,0,1,3,2018-03-18,cancelled
FAM000644,single_person,1,0,1,3,2018-05-13,active
FAM000645,single_person,1,0,1,3,2018-03-06,active
FAM000646,single_person,1,0,1,3,2018-01-21,active
FAM000647,single_person,1,0,1,3,2018-01-23,active
FAM000648,single_person,1,0,1,3,2018-02-22,active
FAM000649,single_person,1,0,1,3,2018-10-18,cancelled
FAM000650,single_person,1,0,1,3,2018-08-28,cancelled
FAM000651,single_person,1,0,1,3,2018-08-12,cancelled
FAM000652,single_person,1,0,1,3,2018-08-23,active
FAM000653,single_person,1,0,1,3,2018-10-06,active
FAM000654,single_person,1,0,1,3,2018-10-02,cancelled
FAM000655,single_person,1,0,1,3,2018-11-10,active
FAM000656,single_person,1,0,1,3,2018-04-24,active
FAM000657,single_person,1,0,1,3,2018-01-22,cancelled
FAM000658,single_person,1,0,1,3,2018-07-20,cancelled
FAM000659,single_person,1,0,1,3,2018-05-08,active
FAM000660,single_person,1,0,1,3,2018-02-26,cancelled
FAM000661,single_person,1,0,1,3,2018-12-02,cancelled
FAM000662,single_person,1,0,1,3,2018-12-05,active
FAM000663,single_person,1,0,1,3,2018-08-22,active
FAM000664,single_person,1,0,1,3,2018-03-31,active
FAM000665,single_person,1,0,1,3,2018-01-05,active
FAM000666,single_person,1,0,1,3,2018-05-14,cancelled
FAM000667,single_person,1,0,1,3,2018-02-23,cancelled
FAM000668,single_person,1,0,1,3,2018-11-27,active
FAM000669,single_person,1,0,1,3,2018-07-06,active
FAM000670,single_person,1,0,1,3,2018-05-06,active
FAM000671,single_person,1,0,1,3,2018-11-21,cancelled
FAM000672,single_person,1,0,1,3,2018-05-14,active
FAM000673,single_person,1,0,1,3,2018-11-19,active
FAM000674,single_person,1,0,1,3,2018-08-14,cancelled
FAM000675,single_person,1,0,1,3,2018-02-06,cancelled
FAM000676,single_person,1,0,1,3,2018-05-13,active
FAM000677,single_person,1,0,1,3,2018-12-22,active
FAM000678,single_person,1,0,1,3,2018-05-08,cancelled
FAM000679,single_person,1,0,1,3,2018-05-07,cancelled
FAM000680,single_person,1,0,1,3,2018-11-06,active
FAM000681,single_person,1,0,1,3,2018-01-03,active
FAM000682,single_person,1,0,1,3,2018-01-07,active
FAM000683,single_person,1,0,1,3,2018-10-08,active
FAM000684,single_person,1,0,1,3,2018-12-12,active
FAM000685,single_person,1,0,1,3,2018-02-01,cancelled
FAM000686,single_person,1,0,1,3,2018-08-28,active
FAM000687,single_person,1,0,1,3,2018-03-08,active
FAM000688,single_person,1,0,1,3,2018-10-12,active
FAM000689,single_person,1,0,1,3,2018-11-20,cancelled
FAM000690,single_person,1,0,1,3,2018-07-05,active
FAM000691,single_person,1,0,1,3,2018-06-11,cancelled
FAM000692,single_person,1,0,1,3,2018-12-02,cancelled
FAM000693,single_person,1,0,1,3,2018-01-12,active
FAM000694,single_person,1,0,1,3,2018-03-28,active
FAM000695,single_person,1,0,1,3,2018-01-31,active
FAM000696,single_person,1,0,1,3,2018-09-02,cancelled
FAM000697,single_person,1,0,1,3,2018-02-04,active
FAM000698,single_person,1,0,1,3,2018-06-08,active
FAM000699,single_person,1,0,1,3,2018-09-28,cancelled
FAM000700,single_person,1,0,1,3,2018-08-04,active
FAM000701,single_person,1,0,1,3,2018-08-21,cancelled
FAM000702,single_person,1,0,1,3,2018-12-17,cancelled
FAM000703,single_person,1,0,1,3,2018-08-03,active
FAM000704,single_person,1,0,1,3,2018-07-26,active
FAM000705,single_person,1,0,1,3,2018-08-09,cancelled
FAM000706,single_person,1,0,1,3,2018-03-04,active
FAM000707,single_person,1,0,1,3,2018-03-04,cancelled
FAM000708,single_person,1,0,1,3,2018-04-03,active
FAM000709,single_person,1,0,1,3,2018-04-29,active
FAM000710,single_person,1,0,1,3,2018-12-11,active
FAM000711,single_person,1,0,1,3,2018-01-17,active
FAM000712,single_person,1,0,1,3,2018-10-11,active
FAM000713,single_person,1,0,1,3,2018-08-25,cancelled
FAM000714,single_person,1,0,1,3,2018-03-28,active
FAM000715,single_person,1,0,1,3,2018-02-08,cancelled
FAM000716,single_person,1,0,1,3,2018-01-05,active
FAM000717,single_person,1,0,1,3,2018-05-20,cancelled
FAM000718,single_person,1,0,1,3,2018-12-15,active
FAM000719,single_person,1,0,1,3,2018-01-06,active
FAM000720,single_person,1,0,1,3,2018-09-14,active
FAM000721,single_person,1,0,1,3,2018-05-14,cancelled
FAM000722,single_person,1,0,1,3,2018-08-11,cancelled
FAM000723,single_person,1,0,1,3,2018-07-03,active
FAM000724,single_person,1,0,1,3,2018-02-23,active
FAM000725,single_person,1,0,1,3,2018-02-06,active
FAM000726,single_person,1,0,1,3,2018-09-07,cancelled
FAM000727,single_person,1,0,1,3,2018-03-02,cancelled
FAM000728,single_person,1,0,1,3,2018-05-06,active
FAM000729,single_person,1,0,1,3,2018-04-13,active
FAM000730,single_person,1,0,1,3,2018-08-23,active
FAM000731,single_person,1,0,1,3,2018-04-10,cancelled
FAM000732,single_person,1,0,1,3,2018-04-16,cancelled
FAM000733,single_person,1,0,1,3,2018-07-30,active
FAM000734,single_person,1,0,1,3,2018-05-19,active
FAM000735,single_person,1,0,1,3,2018-06-28,active
FAM000736,single_person,1,0,1,3,2018-02-13,cancelled
FAM000737,single_person,1,0,1,3,2018-07-11,active
FAM000738,single_person,1,0,1,3,2018-06-26,cancelled
FAM000739,single_person,1,0,1,3,2018-04-04,active
FAM000740,single_person,1,0,1,3,2018-10-31,cancelled
FAM000741,single_person,1,0,1,3,2018-12-26,active
FAM000742,single_person,1,0,1,3,2018-03-22,active
FAM000743,single_person,1,0,1,3,2018-03-08,active
FAM000744,single_person,1,0,1,3,2018-02-19,cancelled
FAM000745,single_person,1,0,1,3,2018-04-09,cancelled
FAM000746,single_person,1,0,1,3,2018-09-14,cancelled
FAM000747,single_person,1,0,1,3,2018-06-02,active
FAM000748,single_person,1,0,1,3,2018-09-27,cancelled
FAM000749,single_person,1,0,1,3,2018-02-26,cancelled
FAM000750,single_person,1,0,1,3,2018-04-23,cancelled
FAM000751,single_person,1,0,1,3,2018-03-24,active
FAM000752,single_person,1,0,1,3,2018-04-17,active
FAM000753,single_person,1,0,1,3,2018-06-06,cancelled
FAM000754,single_person,1,0,1,3,2018-08-04,active
FAM000755,single_person,1,0,1,3,2018-06-09,active
FAM000756,single_person,1,0,1,3,2018-01-17,active
FAM000757,single_person,1,0,1,3,2018-03-18,active
FAM000758,single_person,1,0,1,3,2018-07-14,active
FAM000759,single_person,1,0,1,3,2018-10-13,cancelled
FAM000760,single_person,1,0,1,3,2018-12-11,active
FAM000761,single_person,1,0,1,3,2018-07-15,active
FAM000762,single_person,1,0,1,3,2018-11-12,cancelled
FAM000763,single_person,1,0,1,3,2018-11-26,cancelled
FAM000764,single_person,1,0,1,3,2018-04-15,active
FAM000765,single_person,1,0,1,3,2018-09-11,active
FAM000766,single_person,1,0,1,3,2018-06-11,cancelled
FAM000767,single_person,1,0,1,3,2018-08-26,active
FAM000768,single_person,1,0,1,3,2018-03-15,cancelled
FAM000769,single_person,1,0,1,3,2018-04-09,cancelled
FAM000770,single_person,1,0,1,3,2018-05-16,active
FAM000771,single_person,1,0,1,3,2018-11-15,active
FAM000772,single_person,1,0,1,3,2018-01-01,active
FAM000773,single_person,1,0,1,3,2018-04-10,active
FAM000774,single_person,1,0,1,3,2018-03-27,cancelled
FAM000775,single_person,1,0,1,3,2018-03-23,active
FAM000776,single_person,1,0,1,3,2018-11-12,active
FAM000777,single_person,1,0,1,3,2018-10-17,cancelled
FAM000778,single_person,1,0,1,3,2018-08-31,cancelled
FAM000779,single_person,1,0,1,3,2018-08-05,active
FAM000780,single_person,1,0,1,3,2018-03-18,active
FAM000781,single_person,1,0,1,3,2018-05-07,active
FAM000782,single_person,1,0,1,3,2018-12-09,active
FAM000783,single_person,1,0,1,3,2018-05-08,active
FAM000784,single_person,1,0,1,3,2018-05-11,active
FAM000785,single_person,1,0,1,3,2018-09-09,cancelled
FAM000786,single_person,1,0,1,3,2018-04-13,active
FAM000787,single_person,1,0,1,3,2018-10-21,active
FAM000788,single_person,1,0,1,3,2018-12-24,active
FAM000789,single_person,1,0,1,3,2018-02-11,cancelled
FAM000790,single_person,1,0,1,3,2018-12-06,cancelled
FAM000791,single_person,1,0,1,3,2018-11-03,active
FAM000792,single_person,1,0,1,3,2018-12-03,active
FAM000793,single_person,1,0,1,3,2018-12-04,cancelled
FAM000794,single_person,1,0,1,3,2018-12-31,active
FAM000795,single_person,1,0,1,3,2018-08-29,active
FAM000796,single_person,1,0,1,3,2018-06-04,active
FAM000797,single_person,1,0,1,3,2018-11-02,cancelled
FAM000798,single_person,1,0,1,3,2018-01-22,cancelled
FAM000799,single_person,1,0,1,3,2018-12-18,active
FAM000800,single_person,1,0,1,3,2018-04-12,active
FAM000801,single_person,1,0,1,3,2018-04-09,cancelled
FAM000802,single_person,1,0,1,3,2018-10-12,active
FAM000803,single_person,1,0,1,3,2018-08-25,active
FAM000804,single_person,1,0,1,3,2018-03-30,active
FAM000805,single_person,1,0,1,3,2018-07-11,active
FAM000806,single_person,1,0,1,3,2018-08-02,active
FAM000807,single_person,1,0,1,3,2018-06-27,active
FAM000808,single_person,1,0,1,3,2018-03-06,cancelled
FAM000809,single_person,1,0,1,3,2018-04-19,cancelled
FAM000810,single_person,1,0,1,3,2018-08-13,cancelled
FAM000811,single_person,1,0,1,3,2018-03-29,cancelled
FAM000812,single_person,1,0,1,3,2018-12-21,active
FAM000813,single_person,1,0,1,3,2018-03-14,active
FAM000814,single_person,1,0,1,3,2018-08-02,cancelled
FAM000815,single_person,1,0,1,3,2018-08-07,active
FAM000816,single_person,1,0,1,3,2018-09-27,cancelled
FAM000817,single_person,1,0,1,3,2018-08-10,active
FAM000818,single_person,1,0,1,3,2018-04-22,active
FAM000819,single_person,1,0,1,3,2018-03-18,active
FAM000820,single_person,1,0,1,3,2018-02-12,active
FAM000821,single_person,1,0,1,3,2018-10-16,cancelled
FAM000822,single_person,1,0,1,3,2018-04-05,active
FAM000823,single_person,1,0,1,3,2018-11-13,active
FAM000824,single_person,1,0,1,3,2018-02-14,active
FAM000825,single_person,1,0,1,3,2018-05-13,active
FAM000826,single_person,1,0,1,3,2018-06-19,active
FAM000827,single_person,1,0,1,3,2018-01-04,active
FAM000828,single_person,1,0,1,3,2018-05-16,active
FAM000829,single_person,1,0,1,3,2018-03-17,cancelled
FAM000830,single_person,1,0,1,3,2018-05-16,active
FAM000831,single_person,1,0,1,3,2018-04-02,active
FAM000832,single_person,1,0,1,3,2018-01-14,active
FAM000833,single_person,1,0,1,3,2018-08-22,active
FAM000834,single_person,1,0,1,3,2018-07-04,cancelled
FAM000835,single_person,1,0,1,3,2018-09-10,active
FAM000836,single_person,1,0,1,3,2018-02-03,active
FAM000837,single_person,1,0,1,3,2018-08-25,active
FAM000838,single_person,1,0,1,3,2018-09-26,cancelled
FAM000839,single_person,1,0,1,3,2018-12-23,active
FAM000840,single_person,1,0,1,3,2018-11-26,active
FAM000841,single_person,1,0,1,3,2018-07-20,cancelled
FAM000842,single_person,1,0,1,3,2018-01-26,cancelled
FAM000843,single_person,1,0,1,3,2018-04-16,active
FAM000844,single_person,1,0,1,3,2018-07-02,active
FAM000845,single_person,1,0,1,3,2018-04-18,active
FAM000846,single_person,1,0,1,3,2018-06-19,active
FAM000847,single_person,1,0,1,3,2018-03-19,cancelled
FAM000848,single_person,1,0,1,3,2018-01-09,cancelled
FAM000849,single_person,1,0,1,3,2018-06-19,cancelled
FAM000850,single_person,1,0,1,3,2018-03-21,active
FAM000851,single_person,1,0,1,3,2018-01-28,cancelled
FAM000852,single_person,1,0,1,3,2018-03-10,cancelled
FAM000853,single_person,1,0,1,3,2018-12-15,active
FAM000854,single_person,1,0,1,3,2018-08-16,active
FAM000855,single_person,1,0,1,3,2018-05-11,active
FAM000856,single_person,1,0,1,3,2018-02-14,active
FAM000857,single_person,1,0,1,3,2018-09-02,active
FAM000858,single_person,1,0,1,3,2018-09-08,cancelled
FAM000859,single_person,1,0,1,3,2018-12-24,active
FAM000860,single_person,1,0,1,3,2018-01-27,cancelled
FAM000861,single_person,1,0,1,3,2018-06-02,active
FAM000862,single_person,1,0,1,3,2018-10-31,cancelled
FAM000863,single_person,1,0,1,3,2018-07-19,active
FAM000864,single_person,1,0,1,3,2018-08-29,cancelled
FAM000865,single_person,1,0,1,3,2018-07-30,active
FAM000866,single_person,1,0,1,3,2018-10-14,active
FAM000867,single_person,1,0,1,3,2018-05-20,cancelled
FAM000868,single_person,1,0,1,3,2018-01-12,cancelled
FAM000869,single_person,1,0,1,3,2018-08-18,cancelled
FAM000870,single_person,1,0,1,3,2018-01-31,cancelled
FAM000871,single_person,1,0,1,3,2018-06-10,cancelled
FAM000872,single_person,1,0,1,3,2018-05-30,active
FAM000873,single_person,1,0,1,3,2018-10-22,active
FAM000874,single_person,1,0,1,3,2018-11-04,active
FAM000875,single_person,1,0,1,3,2018-05-11,cancelled
FAM000876,single_person,1,0,1,3,2018-07-08,active
FAM000877,single_person,1,0,1,3,2018-01-12,cancelled
FAM000878,single_person,1,0,1,3,2018-03-16,cancelled
FAM000879,single_person,1,0,1,3,2018-01-09,cancelled
FAM000880,single_person,1,0,1,3,2018-10-25,active
FAM000881,single_person,1,0,1,3,2018-08-22,active
FAM000882,single_person,1,0,1,3,2018-01-31,active
FAM000883,single_person,1,0,1,3,2018-02-23,active
FAM000884,single_person,1,0,1,3,2018-07-25,active
FAM000885,single_person,1,0,1,3,2018-01-31,active
FAM000886,single_person,1,0,1,3,2018-12-15,active
FAM000887,single_person,1,0,1,3,2018-04-03,active
FAM000888,single_person,1,0,1,3,2018-09-26,cancelled
FAM000889,single_person,1,0,1,3,2018-07-17,active
FAM000890,single_person,1,0,1,3,2018-10-05,cancelled
FAM000891,single_person,1,0,1,3,2018-04-25,active
FAM000892,single_person,1,0,1,3,2018-05-07,cancelled
FAM000893,single_person,1,0,1,3,2018-10-24,cancelled
FAM000894,single_person,1,0,1,3,2018-09-09,active
FAM000895,single_person,1,0,1,3,2018-10-06,active
FAM000896,single_person,1,0,1,3,2018-03-15,active
FAM000897,single_person,1,0,1,3,2018-05-18,cancelled
FAM000898,single_person,1,0,1,3,2018-05-31,cancelled
FAM000899,single_person,1,0,1,3,2018-01-18,cancelled
FAM000900,single_person,1,0,1,3,2018-02-09,active
FAM000901,single_person,1,0,1,3,2018-06-07,cancelled
FAM000902,single_person,1,0,1,3,2018-05-15,active
FAM000903,single_person,1,0,1,3,2018-10-18,active
FAM000904,single_person,1,0,1,3,2018-11-29,cancelled
FAM000905,single_person,1,0,1,3,2018-07-26,active
FAM000906,single_person,1,0,1,3,2018-07-05,active
FAM000907,single_person,1,0,1,3,2018-10-18,cancelled
FAM000908,single_person,1,0,1,3,2018-09-05,active
FAM000909,single_person,1,0,1,3,2018-06-19,active
FAM000910,single_person,1,0,1,3,2018-06-13,active
FAM000911,single_person,1,0,1,3,2018-04-18,active
FAM000912,single_person,1,0,1,3,2018-12-27,cancelled
FAM000913,single_person,1,0,1,3,2018-03-11,active
FAM000914,single_person,1,0,1,3,2018-07-02,cancelled
FAM000915,single_person,1,0,1,3,2018-04-15,active
FAM000916,single_person,1,0,1,3,2018-04-24,cancelled
FAM000917,single_person,1,0,1,3,2018-10-02,active
FAM000918,single_person,1,0,1,3,2018-08-14,cancelled
FAM000919,single_person,1,0,1,3,2018-03-31,cancelled
FAM000920,single_person,1,0,1,3,2018-11-12,cancelled
FAM000921,single_person,1,0,1,3,2018-04-05,active
FAM000922,single_person,1,0,1,3,2018-10-28,active
FAM000923,single_person,1,0,1,3,2018-02-06,active
FAM000924,single_person,1,0,1,3,2018-12-06,active
FAM000925,single_person,1,0,1,3,2018-09-07,cancelled
FAM000926,single_person,1,0,1,3,2018-04-08,active
FAM000927,single_person,1,0,1,3,2018-05-26,active
FAM000928,single_person,1,0,1,3,2018-11-14,active
FAM000929,single_person,1,0,1,3,2018-11-04,cancelled
FAM000930,single_person,1,0,1,3,2018-01-26,cancelled
FAM000931,single_person,1,0,1,3,2018-10-16,active
FAM000932,single_person,1,0,1,3,2018-02-15,active
FAM000933,single_person,1,0,1,3,2018-02-23,cancelled
FAM000934,single_person,1,0,1,3,2018-08-13,cancelled
FAM000935,single_person,1,0,1,3,2018-11-22,active
FAM000936,single_person,1,0,1,3,2018-06-03,cancelled
FAM000937,single_person,1,0,1,3,2018-02-09,cancelled
FAM000938,single_person,1,0,1,3,2018-05-13,active
FAM000939,single_person,1,0,1,3,2018-01-20,active
FAM000940,single_person,1,0,1,3,2018-04-28,active
FAM000941,single_person,1,0,1,3,2018-02-21,active
FAM000942,single_person,1,0,1,3,2018-04-04,cancelled
FAM000943,single_person,1,0,1,3,2018-04-02,cancelled
FAM000944,single_person,1,0,1,3,2018-01-08,active
FAM000945,single_person,1,0,1,3,2018-12-08,active
FAM000946,single_person,1,0,1,3,2018-04-27,active
FAM000947,single_person,1,0,1,3,2018-08-02,cancelled
FAM000948,single_person,1,0,1,3,2018-01-21,cancelled
FAM000949,single_person,1,0,1,3,2018-12-09,active
FAM000950,single_person,1,0,1,3,2018-07-22,active
FAM000951,single_person,1,0,1,3,2018-11-12,active
FAM000952,single_person,1,0,1,3,2018-08-31,cancelled
FAM000953,single_person,1,0,1,3,2018-09-22,cancelled
FAM000954,single_person,1,0,1,3,2018-12-10,cancelled
FAM000955,single_person,1,0,1,3,2018-07-07,cancelled
FAM000956,single_person,1,0,1,3,2018-05-20,active
FAM000957,single_person,1,0,1,3,2018-09-11,cancelled
FAM000958,single_person,1,0,1,3,2018-01-11,active
FAM000959,single_person,1,0,1,3,2018-11-05,active
FAM000960,single_person,1,0,1,3,2018-01-07,cancelled
FAM000961,single_person,1,0,1,3,2018-12-11,cancelled
FAM000962,single_person,1,0,1,3,2018-02-17,active
FAM000963,single_person,1,0,1,3,2018-11-08,cancelled
FAM000964,single_person,1,0,1,3,2018-12-15,active
FAM000965,single_person,1,0,1,3,2018-05-13,active
FAM000966,single_person,1,0,1,3,2018-05-15,active
FAM000967,single_person,1,0,1,3,2018-12-22,active
FAM000968,single_person,1,0,1,3,2018-11-27,active
FAM000969,single_person,1,0,1,3,2018-06-08,active
FAM000970,single_person,1,0,1,3,2018-11-30,active
FAM000971,single_person,1,0,1,3,2018-06-23,cancelled
FAM000972,single_person,1,0,1,3,2018-10-14,active
FAM000973,single_person,1,0,1,3,2018-03-29,active
FAM000974,single_person,1,0,1,3,2018-01-23,active
FAM000975,single_person,1,0,1,3,2018-03-05,active
FAM000976,single_person,1,0,1,3,2018-08-07,cancelled
FAM000977,single_person,1,0,1,3,2018-05-17,active
FAM000978,single_person,1,0,1,3,2018-08-18,cancelled
FAM000979,single_person,1,0,1,3,2018-05-03,active
FAM000980,single_person,1,0,1,3,2018-02-11,cancelled
FAM000981,single_person,1,0,1,3,2018-03-29,active
FAM000982,single_person,1,0,1,3,2018-03-01,active
FAM000983,single_person,1,0,1,3,2018-07-08,active
FAM000984,single_person,1,0,1,3,2018-08-27,active
FAM000985,single_person,1,0,1,3,2018-04-25,active
FAM000986,single_person,1,0,1,3,2018-10-06,cancelled
FAM000987,single_person,1,0,1,3,2018-06-14,active
FAM000988,single_person,1,0,1,3,2018-04-12,active
FAM000989,single_person,1,0,1,3,2018-09-07,cancelled
FAM000990,single_person,1,0,1,3,2018-01-20,active
FAM000991,single_person,1,0,1,3,2018-08-26,active
FAM000992,single_person,1,0,1,3,2018-04-22,active
FAM000993,single_person,1,0,1,3,2018-07-06,cancelled
FAM000994,single_person,1,0,1,3,2018-09-15,active
FAM000995,single_person,1,0,1,3,2018-12-17,cancelled
FAM000996,single_person,1,0,1,3,2018-11-02,active
FAM000997,single_person,1,0,1,3,2018-12-04,cancelled
FAM000998,single_person,1,0,1,3,2018-03-01,active
FAM000999,single_person,1,0,1,3,2018-03-12,cancelled
FAM001000,single_person,1,0,1,3,2018-12-20,active
FAM001001,single_person,1,0,1,3,2018-05-17,cancelled
FAM001002,single_person,1,0,1,3,2018-12-31,active
FAM001003,single_person,1,0,1,3,2018-03-02,active
FAM001004,single_person,1,0,1,3,2018-11-28,cancelled
FAM001005,single_person,1,0,1,3,2018-07-11,active
FAM001006,single_person,1,0,1,3,2018-09-07,active
FAM001007,single_person,1,0,1,3,2018-03-31,active
FAM001008,single_person,1,0,1,3,2018-06-19,active
FAM001009,single_person,1,0,1,3,2018-01-28,active
FAM001010,single_person,1,0,1,3,2018-06-18,active
FAM001011,single_person,1,0,1,3,2018-05-19,active
FAM001012,single_person,1,0,1,3,2018-04-05,cancelled
FAM001013,single_person,1,0,1,3,2018-08-26,cancelled
FAM001014,single_person,1,0,1,3,2018-06-20,active
FAM001015,single_person,1,0,1,3,2018-05-02,cancelled
FAM001016,single_person,1,0,1,3,2018-05-16,cancelled
FAM001017,single_person,1,0,1,3,2018-11-06,active
FAM001018,single_person,1,0,1,3,2018-08-01,active
FAM001019,single_person,1,0,1,3,2018-02-20,cancelled
FAM001020,single_person,1,0,1,3,2018-03-23,active
FAM001021,single_person,1,0,1,3,2018-06-04,active
FAM001022,single_person,1,0,1,3,2018-07-05,active
FAM001023,single_person,1,0,1,3,2018-09-05,active
FAM001024,single_person,1,0,1,3,2018-10-16,active
FAM001025,single_person,1,0,1,3,2018-09-24,active
FAM001026,single_person,1,0,1,3,2018-12-25,cancelled
FAM001027,single_person,1,0,1,3,2018-08-02,active
FAM001028,single_person,1,0,1,3,2018-02-01,active
FAM001029,single_person,1,0,1,3,2018-11-07,cancelled
FAM001030,single_person,1,0,1,3,2018-05-20,cancelled
FAM001031,single_person,1,0,1,3,2018-06-06,active
FAM001032,single_person,1,0,1,3,2018-02-11,active
FAM001033,single_person,1,0,1,3,2018-02-01,active
FAM001034,single_person,1,0,1,3,2018-09-28,cancelled
FAM001035,single_person,1,0,1,3,2018-08-17,active
FAM001036,single_person,1,0,1,3,2018-05-02,cancelled
FAM001037,single_person,1,0,1,3,2018-05-22,active
FAM001038,single_person,1,0,1,3,2018-11-15,cancelled
FAM001039,single_person,1,0,1,3,2018-06-11,active
FAM001040,single_person,1,0,1,3,2018-01-26,active
FAM001041,single_person,1,0,1,3,2018-01-11,cancelled
FAM001042,single_person,1,0,1,3,2018-01-23,cancelled
FAM001043,single_person,1,0,1,3,2018-07-22,active
FAM001044,single_person,1,0,1,3,2018-06-22,active
FAM001045,single_person,1,0,1,3,2018-11-05,active
FAM001046,single_person,1,0,1,3,2018-04-12,active
FAM001047,single_person,1,0,1,3,2018-11-19,cancelled
FAM001048,single_person,1,0,1,3,2018-12-02,active
FAM001049,single_person,1,0,1,3,2018-06-21,cancelled
FAM001050,single_person,1,0,1,3,2018-12-11,active
FAM001051,single_person,1,0,1,3,2018-10-26,cancelled
FAM001052,single_person,1,0,1,3,2018-12-17,active
FAM001053,single_person,1,0,1,3,2018-04-23,active
FAM001054,single_person,1,0,1,3,2018-03-28,active
FAM001055,single_person,1,0,1,3,2018-03-06,active
FAM001056,single_person,1,0,1,3,2018-03-29,active
FAM001057,single_person,1,0,1,3,2018-05-31,active
FAM001058,single_person,1,0,1,3,2018-02-14,cancelled
FAM001059,single_person,1,0,1,3,2018-05-06,active
FAM001060,single_person,1,0,1,3,2018-05-10,cancelled
FAM001061,single_person,1,0,1,3,2018-03-05,active
FAM001062,single_person,1,0,1,3,2018-11-14,active
FAM001063,single_person,1,0,1,3,2018-11-17,active
FAM001064,single_person,1,0,1,3,2018-10-03,active
FAM001065,single_person,1,0,1,3,2018-01-12,cancelled
FAM001066,single_person,1,0,1,3,2018-09-07,active
FAM001067,single_person,1,0,1,3,2018-10-06,active
FAM001068,single_person,1,0,1,3,2018-12-08,active
FAM001069,single_person,1,0,1,3,2018-07-09,cancelled
FAM001070,single_person,1,0,1,3,2018-02-06,active
FAM001071,single_person,1,0,1,3,2018-10-14,active
FAM001072,single_person,1,0,1,3,2018-09-14,cancelled
FAM001073,single_person,1,0,1,3,2018-08-03,active
FAM001074,single_person,1,0,1,3,2018-06-16,active
FAM001075,single_person,1,0,1,3,2018-02-08,active
FAM001076,single_person,1,0,1,3,2018-06-20,cancelled
FAM001077,single_person,1,0,1,3,2018-02-06,cancelled
FAM001078,single_person,1,0,1,3,2018-08-24,active
FAM001079,single_person,1,0,1,3,2018-05-24,active
FAM001080,single_person,1,0,1,3,2018-04-17,cancelled
FAM001081,single_person,1,0,1,3,2018-01-03,active
FAM001082,single_person,1,0,1,3,2018-09-26,cancelled
FAM001083,single_person,1,0,1,3,2018-04-26,active
FAM001084,single_person,1,0,1,3,2018-10-30,active
FAM001085,single_person,1,0,1,3,2018-02-21,active
FAM001086,single_person,1,0,1,3,2018-05-12,active
FAM001087,single_person,1,0,1,3,2018-12-13,cancelled
FAM001088,single_person,1,0,1,3,2018-01-25,active
FAM001089,single_person,1,0,1,3,2018-03-05,cancelled
FAM001090,single_person,1,0,1,3,2018-06-12,cancelled
FAM001091,single_person,1,0,1,3,2018-03-20,cancelled
FAM001092,single_person,1,0,1,3,2018-11-23,active
FAM001093,single_person,1,0,1,3,2018-03-29,active
FAM001094,single_person,1,0,1,3,2018-10-15,active
FAM001095,single_person,1,0,1,3,2018-05-13,active
FAM001096,single_person,1,0,1,3,2018-11-26,active
FAM001097,single_person,1,0,1,3,2018-05-05,cancelled
FAM001098,single_person,1,0,1,3,2018-02-07,cancelled
FAM001099,single_person,1,0,1,3,2018-02-25,cancelled
FAM001100,single_person,1,0,1,3,2018-12-23,active
FAM001101,single_person,1,0,1,3,2018-11-26,cancelled
FAM001102,single_person,1,0,1,3,2018-02-23,active
FAM001103,single_person,1,0,1,3,2018-09-17,active
